Disciplina,Media
Algoritmos,5.1530000000000005
Banco de Dados,4.963
Cálculo I,4.757666666666666
Engenharia de Software,5.031666666666666
Física I,5.008
